{
  "version": 2,
  "builds": [
    {
      "src": "server/index.ts",
      "use": "@vercel/node"
    },
    {
      "src": "client/package.json",
      "use": "@vercel/static-build",
      "config": {
        "distDir": "dist"
      }
    }
  ],
  "routes": [
    {
      "src": "/api/(.*)",
      "dest": "server/index.ts"
    },
    {
      "src": "/(.*)",
      "dest": "client/index.html"
    }
  ],
  "env": {
    "DATABASE_URL": "@database_url",
    "SUPABASE_URL": "@supabase_url",
    "SUPABASE_ANON_KEY": "@supabase_anon_key",
    "SESSION_SECRET": "@session_secret"
  }
}
